Workbook

Sheet RPA-Set2018
B2: RELATÓRIO DE PAGAMENTO RPA | G2: MÊS | H2: ANO
G3: Setembro | H3: 2018
B4: DATA | C4: NOME | D4: CPF | E4: VALOR DO SERVIÇO | F4: INSS DESCONTADO | G4: INSS DA EMPRESA | H4: VALOR LÍQUIDO A PAGAR
B5: 43344 | C5: Albert Einsten | D5: 23456907093 | E5: 1200 | F5: =E5*$D$13 -> 132 | G5: =E5*$D$14 -> 240 | H5: =E5-F5 -> 1068
B6: 43344 | C6: Thomas Edison | D6: 87456907094 | E6: 955 | F6: =E6*$D$13 -> 105.05 | G6: =E6*$D$14 -> 191 | H6: =E6-F6 -> 849.95
B7: 43348 | C7: George Lucas | D7: 97456747095 | E7: 345 | F7: =E7*$D$13 -> 37.95 | G7: =E7*$D$14 -> 69 | H7: =E7-F7 -> 307.05
F8: =E8*$D$13 -> 0 | G8: =E8*$D$14 -> 0 | H8: =E8-F8 -> 0
F9: =E9*$D$13 -> 0 | G9: =E9*$D$14 -> 0 | H9: =E9-F9 -> 0
B10: TOTAL DO PERÍODO | E10: =SUM(E5:E9) -> 2500 | F10: =SUM(F5:F9) -> 275 | G10: =SUM(G5:G9) -> 500 | H10: =SUM(H5:H9) -> 2225
B12: Tabela de Alíquota do INSS
B13: Desconto de autônomo | D13: 0.11
B14: Contribuição da emprea | D14: 0.2

Sheet RPA-Out2018 
B2: RELATÓRIO DE PAGAMENTO RPA | G2: MÊS | H2: ANO
G3: Outubro | H3: 2018
B4: DATA | C4: NOME | D4: CPF | E4: VALOR DO SERVIÇO | F4: INSS DESCONTADO | G4: INSS DA EMPRESA | H4: VALOR LÍQUIDO A PAGAR
B5: 43378 | C5: Galileu Galilei | D5: 7898495843 | E5: 800 | F5: =E5*$D$13 -> 88 | G5: =E5*$D$14 -> 160 | H5: =E5-F5 -> 712
B6: 43384 | C6: Francis | D6: 9034395334 | E6: 250 | F6: =E6*$D$13 -> 27.5 | G6: =E6*$D$14 -> 50 | H6: =E6-F6 -> 222.5
B7: 43390 | C7: Isac | D7: 7654534423 | E7: 1345 | F7: =E7*$D$13 -> 147.95 | G7: =E7*$D$14 -> 269 | H7: =E7-F7 -> 1197.05
F8: =E8*$D$13 -> 0 | G8: =E8*$D$14 -> 0 | H8: =E8-F8 -> 0
F9: =E9*$D$13 -> 0 | G9: =E9*$D$14 -> 0 | H9: =E9-F9 -> 0
B10: TOTAL DO PERÍODO | E10: =SUM(E5:E9) -> 2395 | F10: =SUM(F5:F9) -> 263.45 | G10: =SUM(G5:G9) -> 479 | H10: =SUM(H5:H9) -> 2131.55
B12: Tabela de Alíquota do INSS
B13: Desconto de autônomo | D13: 0.11
B14: Contribuição da emprea | D14: 0.2

Sheet RPA-Ano2018
B2: RESUMO ANUAL DO PAGAMENTO DE RPA | F2: ANO
F3: 2018
B4: MÊS | C4: VALOR DOS SERVIÇOS | D4: INSS DESCONTADO | E4: INSS DA EMPRESA | F4: VALOR LÍQUIDO PAGO
B5: ...
B6: Setembro | C6: ='RPA-Set2018'!E10 -> 2500 | D6: ='RPA-Set2018'!F10 -> 275 | E6: ='RPA-Set2018'!G10 -> 500 | F6: ='RPA-Set2018'!H10 -> 2225
B7: Outubro | C7: ='RPA-Out2018 '!E10 -> 2395 | D7: ='RPA-Out2018 '!F10 -> 263.45 | E7: ='RPA-Out2018 '!G10 -> 479 | F7: ='RPA-Out2018 '!H10 -> 2131.55
B8: ...
B9: TOTAL | C9: =SUM(C5:C8) -> 4895 | D9: =SUM(D5:D8) -> 538.45 | E9: =SUM(E5:E8) -> 979 | F9: =SUM(F5:F8) -> 4356.55
